latitude,longitude,acq_date,temp,wind_speed,description,humidity
43.5023,5.1921,2023-01-03,22,1.5,Broken clouds,88
43.4455,4.891,2023-01-05,22,1.5,Clear sky,94
51.0455,2.3011,2023-01-10,16.8,3.6651642,Broken clouds,83
43.4515,4.9015,2023-01-10,22,1.5,Clear sky,94
51.0505,2.3189,2023-01-11,16.8,3.6651642,Broken clouds,83
43.8902,-0.303,2023-01-12,16.2,2.3543553,Clear sky,82
43.7405,5.2287,2023-01-13,19.3,0.16065317,Clear sky,92
51.0413,2.2897,2023-01-13,16.8,3.6651642,Broken clouds,83
43.4441,4.8996,2023-01-15,22,1.5,Clear sky,94
49.4819,0.244,2023-01-18,13.7,1.6023543,Scattered clouds,86
51.0456,2.2956,2023-01-18,16.8,3.6651642,Broken clouds,83
42.4085,2.6332,2023-01-19,15.1,0.7625346,Broken clouds,95
42.4101,2.6452,2023-01-19,15.1,0.7625346,Broken clouds,95
51.035,2.2789,2023-01-26,16.7,3.833234,Broken clouds,83
51.0369,2.2962,2023-01-26,16.8,3.6651642,Broken clouds,83
43.4474,4.8929,2023-01-27,22,1.5,Clear sky,94
43.7502,6.0212,2023-01-30,17.7,0.308534,Clear sky,96
43.7532,5.981,2023-01-30,17.7,0.308534,Clear sky,96
44.4009,6.0295,2023-01-30,16.2,0.6989443,Clear sky,86
44.4097,6.0266,2023-01-30,16.3,1.1448383,Clear sky,85
43.6917,5.8292,2023-01-30,17.8,0.6321766,Clear sky,95
51.0464,2.2996,2023-01-30,16.8,3.6651642,Broken clouds,83
44.4953,3.8829,2023-01-31,13,2.8075283,Overcast clouds,84
44.5015,3.879,2023-01-31,13,2.8075283,Overcast clouds,84
43.7763,6.9871,2023-02-01,18.3,1.79968,Clear sky,80
43.7459,7.0573,2023-02-01,18.9,1.9233633,Clear sky,81
42.9589,2.9851,2023-02-02,19.1,8.627183,Broken clouds,57
43.4421,4.9003,2023-02-02,22,1.5,Clear sky,94
44.0844,6.4324,2023-02-03,13.2,0.90709794,Clear sky,79
44.0828,6.4452,2023-02-03,13.2,0.90709794,Clear sky,79
42.7027,2.7427,2023-02-03,20.4,3.6,Clear sky,67
42.6968,2.7521,2023-02-03,20.4,3.6,Clear sky,67
42.5619,2.5421,2023-02-03,14,0.5617115,Scattered clouds,93
42.5652,2.5598,2023-02-03,14,0.5617115,Scattered clouds,93
43.0067,-0.2774,2023-02-04,11.2,0.63736296,Clear sky,99
43.4446,4.9018,2023-02-06,22,1.5,Clear sky,94
44.7818,4.4277,2023-02-06,15.1,1.6923423,Clear sky,94
51.0322,2.2852,2023-02-06,16.8,3.6651642,Broken clouds,83
51.0433,2.2958,2023-02-06,16.8,3.6651642,Broken clouds,83
51.0331,2.2864,2023-02-07,16.8,3.6651642,Broken clouds,83
51.0278,2.2685,2023-02-08,14.9,2.4281082,Broken clouds,90
51.0427,2.2982,2023-02-08,16.8,3.6651642,Broken clouds,83
43.9795,-0.9113,2023-02-09,16.2,0.8492311,Overcast clouds,93
42.9967,-0.3829,2023-02-09,11.4,0.8154211,Overcast clouds,98
43.113,-1.2079,2023-02-09,14,0.4547808,Light rain,87
43.1149,-1.1956,2023-02-09,14,0.4547808,Light rain,87
42.9157,-0.5757,2023-02-10,11.1,0.49698222,Drizzle,99
43.0771,-1.1247,2023-02-10,11.5,0.3872727,Drizzle,95
43.0911,-1.1247,2023-02-10,11.5,0.3872727,Drizzle,95
43.0819,-1.1284,2023-02-10,11.5,0.3872727,Drizzle,95
44.5046,4.0441,2023-02-11,15.5,2.573986,Clear sky,81
44.4929,3.8708,2023-02-11,13,2.8075283,Overcast clouds,84
44.0681,3.6247,2023-02-11,15.5,1.6236012,Overcast clouds,82
43.4491,4.9041,2023-02-11,22,1.5,Clear sky,94
42.747,3.0147,2023-02-11,19,3.6,Broken clouds,79
42.5948,2.9036,2023-02-11,20.6,3.6,Broken clouds,67
42.5925,2.9169,2023-02-11,20.6,3.6,Broken clouds,67
43.1053,-1.1417,2023-02-11,13.6,0.633403,Drizzle,90
43.0827,-0.6094,2023-02-11,13.4,0.41810435,Overcast clouds,96
43.0756,-1.1109,2023-02-11,11.5,0.3872727,Drizzle,95
43.0729,-1.1253,2023-02-11,11.5,0.3872727,Drizzle,95
44.2469,6.1366,2023-02-11,12.8,1.2700825,Clear sky,93
44.2453,6.1226,2023-02-11,12.8,1.2700825,Clear sky,93
44.0671,3.6204,2023-02-11,15.5,1.6236012,Overcast clouds,82
44.0227,0.7455,2023-02-11,16.3,3.506336,Overcast clouds,83
43.0951,-0.6157,2023-02-12,14.7,0.38697305,Overcast clouds,92
43.0887,-1.1858,2023-02-12,12,0.3104773,Light rain,93
43.1393,-0.7364,2023-02-12,14.7,0.59502554,Overcast clouds,93
43.1629,-0.867,2023-02-12,15.1,0.117887445,Overcast clouds,91
43.1777,-1.0848,2023-02-12,14,1.2795824,Light rain,78
51.0425,2.2992,2023-02-13,16.8,3.6651642,Broken clouds,83
46.3557,2.4428,2023-02-13,16.9,6.850294,Scattered clouds,84
44.7287,4.4811,2023-02-13,16.3,1.9444929,Clear sky,95
44.1196,3.6162,2023-02-13,14,3.0548537,Overcast clouds,87
42.7824,1.6617,2023-02-13,11.3,0.99028087,Overcast clouds,98
43.4408,4.8966,2023-02-13,22,1.5,Clear sky,94
42.6663,2.5285,2023-02-13,16.2,2.127523,Scattered clouds,77
42.7769,1.6692,2023-02-13,10.4,1.0512781,Overcast clouds,100
42.7742,1.6551,2023-02-13,10.3,1.1932734,Broken clouds,99
44.7959,4.4206,2023-02-13,15.1,1.6923423,Clear sky,94
44.0109,6.0235,2023-02-13,17.6,1.54,Clear sky,91
44.0091,6.0113,2023-02-13,17.6,1.54,Clear sky,91
43.102,-0.0247,2023-02-13,15,2.6,Broken clouds,87
43.726,3.2395,2023-02-13,14.8,5.662158,Clear sky,86
43.3285,-1.1935,2023-02-13,15.1,1.256083,Drizzle,69
51.0283,2.2901,2023-02-13,15.1,2.3243377,Broken clouds,89
51.0261,2.2761,2023-02-13,14.9,2.4281082,Broken clouds,90
51.0448,2.3028,2023-02-13,16.8,3.6651642,Broken clouds,83
44.5014,0.4769,2023-02-14,16.5,2.849612,Clear sky,88
43.0355,0.0189,2023-02-14,15.1,2.06,Overcast clouds,88
42.9178,1.1439,2023-02-14,12.8,1.122737,Overcast clouds,92
44.8113,4.4451,2023-02-15,15.1,1.6923423,Clear sky,94
44.8097,4.4601,2023-02-15,15.1,1.6923423,Clear sky,94
42.5136,9.4556,2023-02-15,23,4.1,Few clouds,73
43.1888,-1.3056,2023-02-15,14.9,2.57,Drizzle,87
42.5125,9.4472,2023-02-15,23,4.1,Few clouds,73
43.2512,5.76,2023-02-15,18.3,0.9142916,Scattered clouds,94
42.983,-0.5967,2023-02-15,12.1,0.28567058,Clear sky,99
43.1873,-0.8495,2023-02-15,15.1,0.117887445,Overcast clouds,91
43.1532,-1.1303,2023-02-15,13.6,0.633403,Light rain,90
43.1845,-1.079,2023-02-15,14,1.2795824,Light rain,78
43.1061,-1.1208,2023-02-15,13.6,0.633403,Drizzle,90
43.0225,-0.8962,2023-02-15,11.7,0.50831753,Drizzle,98
43.021,-0.9498,2023-02-15,11.5,0.14888477,Drizzle,97
43.0247,-0.9051,2023-02-15,11.7,0.50831753,Drizzle,98
43.0234,-0.9594,2023-02-15,11.5,0.14888477,Drizzle,97
43.1046,-1.1719,2023-02-15,14,0.4547808,Light rain,87
43.1067,-1.1249,2023-02-15,13.6,0.633403,Drizzle,90
43.1054,-1.1759,2023-02-15,14,0.4547808,Light rain,87
43.1484,-0.8521,2023-02-15,14.8,0.64120203,Overcast clouds,93
43.1601,-1.0744,2023-02-15,14,1.2795824,Light rain,78
43.1586,-1.1279,2023-02-15,15,0.99083674,Light rain,82
43.1503,-0.8606,2023-02-15,14.8,0.64120203,Overcast clouds,93
43.1631,-1.0818,2023-02-15,14,1.2795824,Light rain,78
43.1619,-1.1348,2023-02-15,15,0.99083674,Light rain,82
51.0463,2.2954,2023-02-15,16.8,3.6651642,Broken clouds,83
43.0289,-0.9304,2023-02-16,11.5,0.14888477,Drizzle,97
43.0005,-0.9261,2023-02-16,11.5,0.14888477,Drizzle,97
44.0581,3.6194,2023-02-16,15.5,1.6236012,Overcast clouds,82
42.951,1.1069,2023-02-16,12.8,1.122737,Overcast clouds,92
42.9415,1.1043,2023-02-16,12.8,1.122737,Overcast clouds,92
42.9393,1.1173,2023-02-16,12.8,1.122737,Overcast clouds,92
43.2406,-0.9141,2023-02-16,15.6,0.54173756,Drizzle,82
43.2541,-1.1835,2023-02-16,15.1,1.143034,Drizzle,74
43.2522,-1.1713,2023-02-16,15.1,1.143034,Drizzle,74
43.1959,-0.8692,2023-02-16,15.1,0.117887445,Drizzle,91
43.059,-0.0764,2023-02-16,15.1,2.06,Overcast clouds,88
43.0568,-0.0633,2023-02-16,15.1,2.06,Overcast clouds,88
43.1886,-0.9992,2023-02-16,14.2,0.86127067,Light rain,79
43.1759,-0.9771,2023-02-16,14.2,0.86127067,Drizzle,79
43.144,-0.8334,2023-02-16,14.9,0.21416843,Overcast clouds,93
43.1351,-0.8357,2023-02-16,14.9,0.21416843,Overcast clouds,93
43.165,-1.0887,2023-02-16,14,1.2795824,Light rain,78
43.1161,-0.8346,2023-02-16,14.9,0.21416843,Overcast clouds,93
43.1477,-1.3343,2023-02-16,13.3,1.3603642,Light rain,80
43.1422,-1.2981,2023-02-16,13.3,1.3603642,Light rain,80
43.1127,-1.1671,2023-02-16,14,0.4547808,Light rain,87
43.0862,-0.9971,2023-02-16,12.6,0.5403414,Drizzle,91
42.9549,-0.182,2023-02-16,10.5,0.3583263,Clear sky,99
43.0473,-0.9891,2023-02-16,12.6,0.5403414,Drizzle,91
42.9438,-0.1716,2023-02-16,10.5,0.3583263,Clear sky,99
43.122,-1.1823,2023-02-16,14,0.4547808,Light rain,87
43.1894,-0.8491,2023-02-16,15.1,0.117887445,Overcast clouds,91
43.17,-0.982,2023-02-16,14.2,0.86127067,Drizzle,79
43.1682,-0.994,2023-02-16,14.2,0.86127067,Light rain,79
43.1628,-1.0931,2023-02-16,14,1.2795824,Light rain,78
43.134,-1.2865,2023-02-16,13.3,1.3603642,Light rain,80
43.1429,-1.2889,2023-02-16,13.3,1.3603642,Light rain,80
43.1411,-1.3009,2023-02-16,13.3,1.3603642,Light rain,80
43.1392,-1.313,2023-02-16,13.3,1.3603642,Light rain,80
43.1463,-1.3277,2023-02-16,13.3,1.3603642,Light rain,80
43.2053,-0.9918,2023-02-16,14.2,0.86127067,Light rain,79
43.1982,-1.0401,2023-02-16,14,1.2795824,Light rain,78
43.1964,-1.0523,2023-02-16,14,1.2795824,Light rain,78
43.1946,-1.0644,2023-02-16,14,1.2795824,Light rain,78
43.1875,-1.1127,2023-02-16,15,0.99083674,Light rain,82
43.1857,-1.1247,2023-02-16,15,0.99083674,Light rain,82
43.1839,-1.1368,2023-02-16,15,0.99083674,Light rain,82
43.1803,-1.161,2023-02-16,15,0.76630497,Light rain,81
43.2141,-0.9943,2023-02-16,14.2,0.86127067,Light rain,79
43.1998,-1.2235,2023-02-16,14.7,0.90558743,Light rain,74
43.198,-1.2356,2023-02-16,14.7,0.90558743,Drizzle,74
43.1889,-1.2961,2023-02-16,14.9,2.57,Drizzle,87
43.1374,-1.3251,2023-02-16,13.3,1.3603642,Light rain,80
42.7278,2.4153,2023-02-16,14.7,2.986874,Clear sky,81
42.8152,1.7052,2023-02-16,11.3,0.99028087,Overcast clouds,98
42.9195,1.1517,2023-02-16,12.8,1.122737,Overcast clouds,92
42.9179,1.1389,2023-02-16,12.8,1.122737,Overcast clouds,92
42.9419,1.1072,2023-02-16,12.8,1.122737,Overcast clouds,92
42.9402,1.0947,2023-02-16,12.8,1.122737,Overcast clouds,92
43.0249,0.0041,2023-02-16,11.7,0.4353167,Overcast clouds,98
43.0644,-0.2382,2023-02-16,12.3,0.21130605,Overcast clouds,99
43.8407,6.3453,2023-02-16,13.1,1.5204028,Clear sky,91
43.8392,6.3267,2023-02-16,13.3,1.3357751,Clear sky,89
43.0502,-0.6608,2023-02-16,13.5,0.13054729,Overcast clouds,96
43.0485,-0.6728,2023-02-16,13.5,0.13054729,Overcast clouds,96
43.0854,-0.6076,2023-02-16,13.4,0.41810435,Overcast clouds,96
43.0507,-0.9809,2023-02-16,12.6,0.5403414,Drizzle,91
43.0489,-0.9929,2023-02-16,12.6,0.5403414,Drizzle,91
43.1,-0.7689,2023-02-16,14.7,0.59502554,Drizzle,93
43.1107,-0.822,2023-02-16,14.9,0.21416843,Drizzle,93
43.1089,-0.834,2023-02-16,14.9,0.21416843,Drizzle,93
43.0771,-1.051,2023-02-16,11.6,0.727602,Drizzle,95
43.0753,-1.0631,2023-02-16,11.6,0.727602,Drizzle,95
43.0841,-1.0656,2023-02-16,11.6,0.727602,Drizzle,95
43.0823,-1.0776,2023-02-16,11.6,0.727602,Drizzle,95
43.1442,-0.781,2023-02-16,14.7,0.59502554,Overcast clouds,93
43.1611,-0.8539,2023-02-16,15.1,0.117887445,Overcast clouds,91
43.1594,-0.866,2023-02-16,15.1,0.117887445,Overcast clouds,91
43.2194,-1.1535,2023-02-16,15.2,1.3411564,Drizzle,75
43.2547,-1.1634,2023-02-16,15.1,1.143034,Light rain,74
43.224,-1.3691,2023-02-16,14.9,2.57,Drizzle,87
43.2855,-1.2659,2023-02-16,14.9,2.57,Drizzle,87
43.2837,-1.278,2023-02-16,14.9,2.57,Drizzle,87
43.2728,-1.351,2023-02-16,14.9,2.57,Drizzle,87
43.3831,-1.174,2023-02-16,15.8,1.3191823,Drizzle,67
43.3777,-1.2104,2023-02-16,15.8,1.3191823,Drizzle,67
43.33,-1.5894,2023-02-16,15.1,1.2264937,Broken clouds,77
43.3952,-1.2786,2023-02-16,14.9,2.57,Drizzle,87
44.0626,3.6169,2023-02-16,15.5,1.6236012,Overcast clouds,82
43.2027,-1.3686,2023-02-17,14.9,2.57,Drizzle,87
43.2039,-1.3714,2023-02-17,14.9,2.57,Drizzle,87
43.0144,0.0228,2023-02-17,11.7,0.4353167,Overcast clouds,98
43.2168,-1.2355,2023-02-17,14.7,0.90558743,Drizzle,74
43.0278,-0.0156,2023-02-17,11.7,0.4353167,Clear sky,98
43.0261,-0.0511,2023-02-17,13.2,0.3227648,Clear sky,95
43.0431,-0.8695,2023-02-17,14,0.42490032,Drizzle,93
43.0966,-0.6917,2023-02-17,14.8,0.5264453,Overcast clouds,93
43.067,-1.2143,2023-02-17,12,0.3104773,Drizzle,93
43.0986,-0.7,2023-02-17,14.8,0.5264453,Overcast clouds,93
43.0717,-1.2235,2023-02-17,11.9,0.7575219,Light rain,91
43.1949,-1.3704,2023-02-17,14.9,2.57,Drizzle,87
43.0153,0.0053,2023-02-18,11.7,0.4353167,Overcast clouds,98
44.1211,4.4894,2023-02-18,19.1,1.230577,Clear sky,95
44.0592,3.4377,2023-02-18,12.9,2.4303665,Overcast clouds,93
43.7114,5.2419,2023-02-18,19.7,0.1944117,Clear sky,91
43.5135,6.0469,2023-02-18,17.5,0.7518635,Few clouds,99
43.5388,5.8515,2023-02-18,16.9,0.5508955,Scattered clouds,99
43.5111,5.6529,2023-02-18,18,0.4160349,Broken clouds,92
43.5652,5.0088,2023-02-18,22,1.5,Scattered clouds,94
43.5008,4.9536,2023-02-18,22,1.5,Clear sky,94
43.2678,6.0214,2023-02-18,17.6,1.1255387,Scattered clouds,98
43.4458,4.9008,2023-02-18,22,1.5,Clear sky,94
43.5594,3.5975,2023-02-18,18.1,4.642535,Clear sky,78
43.5574,3.6099,2023-02-18,18.1,4.642535,Clear sky,78
43.321,-1.1073,2023-02-18,16.4,3.6,Light rain,85
43.2847,-1.0447,2023-02-18,16.4,3.6,Heavy rain,85
43.1146,0.0209,2023-02-18,15,2.6,Broken clouds,87
43.1129,0.0335,2023-02-18,15,2.6,Broken clouds,87
43.1055,0.0189,2023-02-18,15,2.6,Broken clouds,87
43.1987,-0.779,2023-02-18,15.1,0.68588614,Broken clouds,91
43.1122,-0.1691,2023-02-18,13.9,0.03988245,Overcast clouds,93
43.1106,-0.1565,2023-02-18,13.9,0.03988245,Overcast clouds,93
43.2097,-1.0249,2023-02-18,14.2,0.86127067,Light rain,79
43.0407,0.3063,2023-02-18,13.2,0.3085729,Overcast clouds,94
43.039,0.3189,2023-02-18,13.2,0.3085729,Overcast clouds,94
42.7388,2.4249,2023-02-18,14.7,2.986874,Clear sky,81
43.2003,-1.027,2023-02-18,14.2,0.86127067,Light rain,79
43.1923,-1.3672,2023-02-18,14.9,2.57,Drizzle,87
43.094,-0.7537,2023-02-18,14.7,0.59502554,Drizzle,93
43.1523,-1.395,2023-02-18,14.9,2.57,Light rain,87
43.1508,-1.3822,2023-02-18,14.9,2.57,Light rain,87
43.1408,-1.2976,2023-02-18,13.3,1.3603642,Light rain,80
43.1204,-1.2885,2023-02-18,13.3,1.3603642,Light rain,80
43.1139,-1.2333,2023-02-18,13.9,0.9377352,Light rain,80
43.111,-1.2911,2023-02-18,13.3,1.3603642,Light rain,80
43.1094,-1.2775,2023-02-18,13.9,0.9377352,Light rain,80
43.0759,-1.1564,2023-02-18,12,0.3104773,Drizzle,93
43.0743,-1.1427,2023-02-18,11.5,0.3872727,Drizzle,95
43.0665,-1.1582,2023-02-18,12,0.3104773,Drizzle,93
43.0866,-1.0827,2023-02-18,11.6,0.727602,Drizzle,95
42.7359,2.4195,2023-02-18,14.7,2.986874,Clear sky,81
42.8608,1.6479,2023-02-18,12.1,1.0010978,Overcast clouds,96
43.0369,0.5414,2023-02-18,14.2,0.5989331,Overcast clouds,88
43.0348,0.5287,2023-02-18,13.9,0.46224234,Overcast clouds,89
43.046,0.5387,2023-02-18,14.2,0.5989331,Overcast clouds,88
43.0439,0.5259,2023-02-18,13.9,0.46224234,Overcast clouds,89
43.0371,0.3117,2023-02-18,13.2,0.3085729,Overcast clouds,94
43.5591,3.6,2023-02-18,18.1,4.642535,Clear sky,78
43.5574,3.5876,2023-02-18,18.2,3.890321,Clear sky,78
43.0648,-0.0183,2023-02-18,15,2.6,Overcast clouds,87
43.1249,0.011,2023-02-18,15,2.6,Broken clouds,87
43.1226,-0.0022,2023-02-18,15,2.6,Broken clouds,87
43.1204,-0.0156,2023-02-18,15,2.6,Broken clouds,87
43.0549,-0.6792,2023-02-18,13.5,0.13054729,Overcast clouds,96
43.0457,-0.9173,2023-02-18,13.4,0.23285264,Drizzle,91
43.0431,-0.9317,2023-02-18,13.4,0.23285264,Drizzle,91
43.0971,-0.6845,2023-02-18,14.8,0.5264453,Overcast clouds,93
43.0873,-0.74,2023-02-18,13.7,0.49281937,Drizzle,95
43.1066,-0.6872,2023-02-18,14.8,0.5264453,Overcast clouds,93
43.0943,-0.7569,2023-02-18,14.7,0.59502554,Drizzle,93
43.0864,-0.8578,2023-02-18,14,0.42490032,Drizzle,93
43.0838,-0.8725,2023-02-18,14,0.42490032,Drizzle,93
43.1297,-0.7251,2023-02-18,14.7,0.59502554,Overcast clouds,93
43.1273,-0.7389,2023-02-18,14.7,0.59502554,Overcast clouds,93
43.1416,-0.7142,2023-02-18,14.8,0.5264453,Overcast clouds,93
43.1392,-0.7278,2023-02-18,14.7,0.59502554,Overcast clouds,93
43.0892,-1.068,2023-02-18,11.6,0.727602,Drizzle,95
43.0464,-1.4303,2023-02-18,11.7,0.88361347,Drizzle,93
43.1892,-0.7513,2023-02-18,15.1,0.68588614,Broken clouds,91
43.1395,-1.0307,2023-02-18,13.1,1.1917472,Light rain,84
43.1031,-1.2324,2023-02-18,13.9,0.9377352,Light rain,80
43.1005,-1.2464,2023-02-18,13.9,0.9377352,Light rain,80
43.0791,-1.364,2023-02-18,11.5,0.29195446,Light rain,90
43.1116,-1.2979,2023-02-18,13.3,1.3603642,Light rain,80
43.1747,-1.0595,2023-02-18,14,1.2795824,Light rain,78
43.2012,-1.0234,2023-02-18,14.2,0.86127067,Light rain,79
43.205,-1.0154,2023-02-18,14.2,0.86127067,Light rain,79
43.2025,-1.0291,2023-02-18,14.2,0.86127067,Light rain,79
43.1489,-1.3791,2023-02-18,12.4,1.3197652,Light rain,84
43.1464,-1.3929,2023-02-18,12.4,1.3197652,Light rain,84
43.1954,-1.1799,2023-02-18,15,0.76630497,Light rain,81
43.2275,-1.1146,2023-02-18,15.2,1.3411564,Light rain,75
43.225,-1.1286,2023-02-18,15.2,1.3411564,Light rain,75
43.2548,-1.0178,2023-02-18,16.4,3.6,Moderate rain,85
43.2346,-1.1314,2023-02-18,15.2,1.3411564,Light rain,75
43.1928,-1.363,2023-02-18,14.9,2.57,Drizzle,87
43.1903,-1.3765,2023-02-18,14.9,2.57,Drizzle,87
43.2903,-1.045,2023-02-18,16.4,3.6,Heavy rain,85
43.2877,-1.0594,2023-02-18,16.4,3.6,Heavy rain,85
44.0422,3.6237,2023-02-18,15.5,1.6236012,Overcast clouds,82
43.3315,-1.172,2023-02-18,15.1,1.256083,Drizzle,69
43.341,-1.1753,2023-02-18,15.1,1.256083,Drizzle,69
43.3383,-1.1901,2023-02-18,15.1,1.256083,Drizzle,69
43.3269,-1.4856,2023-02-18,14.9,2.57,Light rain,87
43.3946,-1.1691,2023-02-18,16.4,3.6,Drizzle,85
44.305,3.7259,2023-02-18,12.4,3.663343,Overcast clouds,90
44.4648,3.9666,2023-02-18,14.6,1.7804365,Overcast clouds,80
44.4631,3.9533,2023-02-18,14.6,1.7804365,Overcast clouds,80
44.0193,0.7468,2023-02-18,16.3,3.506336,Overcast clouds,83
44.0173,0.7342,2023-02-18,16.3,3.506336,Overcast clouds,83
44.4771,3.024,2023-02-18,13,0.8851692,Overcast clouds,89
44.4754,3.0116,2023-02-18,13,0.8851692,Overcast clouds,89
44.0523,-0.018,2023-02-18,15.8,1.9670007,Clear sky,89
44.1299,0.1626,2023-02-18,16.1,2.1222627,Overcast clouds,88
44.7667,4.4026,2023-02-18,15.1,1.4608005,Clear sky,97
44.4861,0.4704,2023-02-18,16.5,2.849612,Clear sky,88
45.1207,2.5365,2023-02-18,10.3,2.562835,Scattered clouds,99
43.0842,-1.0964,2023-02-18,11.5,0.3872727,Drizzle,95
43.0739,-1.154,2023-02-18,11.5,0.3872727,Drizzle,95
43.0979,-1.0931,2023-02-18,12.6,1.290944,Drizzle,86
43.049,-1.4162,2023-02-18,11.7,0.88361347,Drizzle,93
43.4438,4.8994,2023-02-18,22,1.5,Clear sky,94
44.258,3.8129,2023-02-19,14.9,3.0546656,Overcast clouds,82
44.2599,3.8056,2023-02-19,14.9,3.0546656,Overcast clouds,82
43.0517,-0.9424,2023-02-19,13.4,0.23285264,Drizzle,91
43.0467,-0.9191,2023-02-19,13.4,0.23285264,Drizzle,91
43.1401,-0.7671,2023-02-19,14.7,0.59502554,Overcast clouds,93
43.1461,-1.4038,2023-02-19,12.4,1.3197652,Light rain,84
43.3407,-1.2509,2023-02-19,14.9,2.57,Drizzle,87
43.1417,-0.7464,2023-02-19,14.7,0.59502554,Overcast clouds,93
43.1148,-1.2263,2023-02-19,13.9,0.9377352,Light rain,80
43.0032,-0.5131,2023-02-19,11.3,0.95815474,Clear sky,98
43.0737,-1.0436,2023-02-19,11.6,0.727602,Drizzle,95
43.0718,-1.0664,2023-02-19,11.6,0.727602,Drizzle,95
43.0837,-1.0658,2023-02-19,11.6,0.727602,Drizzle,95
43.088,-1.1528,2023-02-19,11.5,0.3872727,Drizzle,95
43.0863,-1.1724,2023-02-19,12,0.3104773,Light rain,93
43.0768,-1.2815,2023-02-19,11.4,0.614028,Light rain,89
43.1333,-0.7593,2023-02-19,14.7,0.59502554,Overcast clouds,93
43.0885,-1.2811,2023-02-19,11.9,0.7575219,Light rain,91
43.1451,-0.7613,2023-02-19,14.7,0.59502554,Overcast clouds,93
43.1433,-0.7825,2023-02-19,14.9,0.21416843,Overcast clouds,93
43.1174,-1.2184,2023-02-19,14,0.4547808,Light rain,87
44.1546,3.5324,2023-02-19,11.9,3.761548,Overcast clouds,94
44.5258,3.8918,2023-02-20,13,2.8075283,Overcast clouds,84
43.0318,0.2749,2023-02-20,13.5,0.58510727,Overcast clouds,92
43.0282,0.2677,2023-02-20,11.1,0.43078196,Overcast clouds,99
43.0211,-0.2337,2023-02-20,11.2,0.63736296,Clear sky,99
43.4459,4.8922,2023-02-20,22,1.5,Clear sky,94
43.4442,4.9045,2023-02-20,22,1.5,Clear sky,94
43.0334,0.2574,2023-02-20,13.5,0.58510727,Overcast clouds,92
44.2734,5.1213,2023-02-20,18.8,0.68827575,Clear sky,91
44.187,3.5802,2023-02-20,12.3,3.3421776,Overcast clouds,93
44.1103,3.6107,2023-02-20,14,3.0548537,Overcast clouds,87
43.6648,4.4974,2023-02-20,19,2.1,Clear sky,88
43.6558,4.4953,2023-02-20,19.9,1.4358432,Clear sky,91
43.614,4.672,2023-02-20,19.8,0.52154094,Clear sky,97
43.6123,4.6844,2023-02-20,19.8,0.52154094,Clear sky,97
42.7992,1.3392,2023-02-20,10.6,0.9651822,Overcast clouds,99
42.7019,2.3834,2023-02-20,13.5,2.158341,Clear sky,88
42.7959,1.3224,2023-02-20,10.6,0.9651822,Overcast clouds,99
43.1436,-0.8245,2023-02-20,14.9,0.21416843,Overcast clouds,93
43.738,4.4305,2023-02-20,19,2.1,Drizzle,88
43.6865,3.7632,2023-02-20,18.5,2.7197723,Clear sky,77
43.6844,3.7503,2023-02-20,18.5,2.7197723,Clear sky,77
43.6018,3.1993,2023-02-20,17,2.381546,Clear sky,78
43.038,0.0402,2023-02-20,15.1,2.06,Overcast clouds,88
42.9114,-0.5826,2023-02-20,11.1,0.49698222,Drizzle,99
43.0939,0.2072,2023-02-20,14.1,0.8774714,Broken clouds,89
43.0905,0.1899,2023-02-20,13.2,0.74865156,Overcast clouds,93
43.0186,-0.2285,2023-02-20,11.2,0.63736296,Clear sky,99
43.0141,-0.2514,2023-02-20,11.2,0.63736296,Clear sky,99
43.0961,0.2014,2023-02-20,14.1,0.8774714,Broken clouds,89
43.0184,-0.2346,2023-02-20,11.2,0.63736296,Clear sky,99
43.0138,-0.2566,2023-02-20,11.2,0.63736296,Clear sky,99
43.0661,-0.1142,2023-02-20,12.7,0.38200614,Overcast clouds,97
43.0804,-0.1005,2023-02-20,15.1,2.06,Overcast clouds,88
43.0768,-0.1183,2023-02-20,12.7,0.38200614,Overcast clouds,97
43.7948,3.2381,2023-02-20,13.8,5.7014303,Broken clouds,90
43.7925,3.2245,2023-02-20,13.8,5.7014303,Broken clouds,90
43.0813,-0.5585,2023-02-20,12.8,0.5869127,Clear sky,96
43.0566,-0.6775,2023-02-20,13.5,0.13054729,Overcast clouds,96
43.0637,-0.7006,2023-02-20,13.5,0.13054729,Overcast clouds,96
43.0513,-0.7602,2023-02-20,13.7,0.49281937,Drizzle,95
44.024,4.5337,2023-02-20,19.3,0.5767905,Clear sky,97
43.0826,-0.8399,2023-02-20,14.1,0.3045147,Drizzle,94
43.0839,-0.8235,2023-02-20,14.1,0.3045147,Drizzle,94
43.0797,-0.8436,2023-02-20,14.1,0.3045147,Drizzle,94
43.0423,-1.0189,2023-02-20,12.6,0.5403414,Drizzle,91
43.0909,-1.0188,2023-02-20,12.6,0.5403414,Drizzle,91
43.1394,-0.8446,2023-02-20,14.8,0.64120203,Overcast clouds,93
43.0709,-1.1707,2023-02-20,12,0.3104773,Drizzle,93
43.0867,-1.1542,2023-02-20,11.5,0.3872727,Drizzle,95
43.0818,-1.1772,2023-02-20,12,0.3104773,Light rain,93
43.1369,-0.9724,2023-02-20,13.1,1.1917472,Drizzle,84
43.1342,-0.9773,2023-02-20,13.1,1.1917472,Drizzle,84
43.1247,-1.1353,2023-02-20,13.6,0.633403,Drizzle,90
43.1206,-1.1545,2023-02-20,13.6,0.633403,Light rain,90
43.0823,-1.3891,2023-02-20,11.5,0.29195446,Light rain,90
43.193,-0.9849,2023-02-20,14.2,0.86127067,Drizzle,79
43.1892,-1.0031,2023-02-20,14.2,0.86127067,Light rain,79
43.1093,-1.3792,2023-02-20,12.4,1.3197652,Light rain,84
43.1525,-1.3505,2023-02-20,12.4,1.3197652,Light rain,84
43.1457,-1.4164,2023-02-20,12.9,0.3786407,Light rain,87
43.2057,-1.1958,2023-02-20,15,0.76630497,Light rain,81
43.1853,-1.3478,2023-02-20,14.9,2.57,Drizzle,87
43.1811,-1.3674,2023-02-20,14.9,2.57,Drizzle,87
43.2241,-1.3391,2023-02-20,14.9,2.57,Drizzle,87
43.2428,-1.3674,2023-02-20,14.9,2.57,Light rain,87
43.2758,-1.2689,2023-02-20,14.9,2.57,Drizzle,87
43.2578,-1.3545,2023-02-20,14.9,2.57,Light rain,87
43.2538,-1.3738,2023-02-20,14.9,2.57,Light rain,87
43.2534,-1.3588,2023-02-20,14.9,2.57,Light rain,87
43.2492,-1.3784,2023-02-20,14.9,2.57,Light rain,87
43.2875,-1.2579,2023-02-20,14.9,2.57,Drizzle,87
43.2833,-1.2775,2023-02-20,14.9,2.57,Drizzle,87
43.2868,-1.4909,2023-02-20,14.9,2.57,Drizzle,87
43.3574,-1.3327,2023-02-20,14.9,2.57,Drizzle,87
43.3529,-1.3541,2023-02-20,14.9,2.57,Drizzle,87
43.3528,-1.3343,2023-02-20,14.9,2.57,Drizzle,87
43.3481,-1.3563,2023-02-20,14.9,2.57,Drizzle,87
44.5815,3.1971,2023-02-20,11,2.8226807,Clear sky,96
44.5892,3.2033,2023-02-20,11,2.8226807,Clear sky,96
44.587,3.1902,2023-02-20,11,2.8226807,Clear sky,96
44.9759,5.1284,2023-02-20,19.5,4.1491294,Clear sky,81
44.8478,3.6404,2023-02-20,11.9,3.2364674,Overcast clouds,85
44.9706,4.2951,2023-02-20,13.5,1.9186422,Clear sky,86
44.9687,4.2826,2023-02-20,14.1,1.8505635,Clear sky,82
45.0222,2.7737,2023-02-20,9.7,3.9730165,Scattered clouds,100
45.0169,2.4574,2023-02-20,12.6,3.2440283,Broken clouds,93
45.0146,2.4435,2023-02-20,12.6,3.2440283,Scattered clouds,93
43.811,6.1857,2023-02-20,15.5,1.0044289,Clear sky,89
43.1417,-1.4205,2023-02-21,12.9,0.3786407,Light rain,87
43.2707,-1.4645,2023-02-21,14.9,2.57,Drizzle,87
42.7964,1.3435,2023-02-21,10.6,0.9651822,Overcast clouds,99
44.5481,3.5785,2023-02-21,10.9,2.9796681,Overcast clouds,95
44.5495,3.5829,2023-02-21,10.9,2.9796681,Overcast clouds,95
43.4439,4.8923,2023-02-22,22,1.5,Clear sky,94
51.0417,2.2969,2023-02-25,16.8,3.6651642,Broken clouds,83
51.043,2.2898,2023-02-25,16.8,3.6651642,Broken clouds,83
51.0497,2.3308,2023-02-28,16.8,3.6651642,Broken clouds,83
51.0457,2.2981,2023-02-28,16.8,3.6651642,Broken clouds,83
51.0377,2.2913,2023-03-01,16.8,3.6651642,Broken clouds,83
47.877,2.6229,2023-03-02,15.9,3.2509763,Overcast clouds,82
45.723,5.7008,2023-03-02,19.6,2.6093297,Broken clouds,85
51.0411,2.308,2023-03-03,16.8,3.6651642,Broken clouds,83
43.4533,4.8979,2023-03-04,22,1.5,Clear sky,94
43.4509,4.8927,2023-03-04,22,1.5,Clear sky,94
43.4492,4.9048,2023-03-04,22,1.5,Clear sky,94
44.4038,-0.9925,2023-03-04,15.3,1.0854394,Scattered clouds,87
42.6939,2.362,2023-03-04,13.5,2.158341,Clear sky,88
43.441,4.8949,2023-03-04,22,1.5,Clear sky,94
43.2022,-0.8688,2023-03-04,15.1,0.117887445,Drizzle,91
45.231,-0.9464,2023-03-04,16.1,1.37346,Overcast clouds,88
47.0069,-1.7223,2023-03-04,14.1,0.7945734,Clear sky,96
43.071,-1.2017,2023-03-05,12,0.3104773,Drizzle,93
44.1514,3.4841,2023-03-05,11.8,2.9360344,Overcast clouds,96
44.1605,3.4765,2023-03-05,12.5,2.7613132,Overcast clouds,93
43.2742,2.966,2023-03-06,19.4,5.4684796,Clear sky,70
43.3417,3.1535,2023-03-06,18.5,4.5436974,Scattered clouds,73
43.9703,5.9166,2023-03-06,17.6,1.54,Clear sky,91
43.6262,3.2933,2023-03-06,17.3,3.2629957,Broken clouds,78
44.4723,3.8912,2023-03-06,13,2.8075283,Overcast clouds,84
44.8041,4.4987,2023-03-06,16.1,1.5069926,Clear sky,94
44.8059,4.5111,2023-03-06,16.1,1.5069926,Clear sky,94
42.6955,2.7885,2023-03-06,20,4.1,Clear sky,68
43.5225,4.7873,2023-03-06,20.3,0.84548336,Clear sky,96
43.5313,4.7848,2023-03-06,19.9,0.6742351,Clear sky,97
45.9278,4.9795,2023-03-06,19.3,3.8558972,Drizzle,86
45.0138,2.4492,2023-03-06,12.6,3.2440283,Scattered clouds,93
45.1075,2.5638,2023-03-06,10.3,2.562835,Scattered clouds,99
45.1053,2.5505,2023-03-06,10.3,2.562835,Scattered clouds,99
45.9189,4.9821,2023-03-06,19.3,3.8558972,Drizzle,86
43.4448,4.8887,2023-03-07,22,1.5,Clear sky,94
43.2116,2.5953,2023-03-13,16.8,7.3902087,Scattered clouds,69
51.039,2.2962,2023-03-13,16.8,3.6651642,Broken clouds,83
42.5694,2.852,2023-03-14,19.6,0.3159965,Scattered clouds,66
42.2442,9.5338,2023-03-15,23.3,3.6545744,Clear sky,79
43.5987,4.2225,2023-03-15,19.9,2.4540122,Clear sky,80
43.596,4.2077,2023-03-15,19.8,2.816199,Clear sky,80
43.6558,6.1756,2023-03-15,16.7,1.0225772,Scattered clouds,96
45.2745,4.8753,2023-03-15,19.5,3.3828244,Clear sky,87
43.658,6.1885,2023-03-15,15.8,0.9045441,Scattered clouds,95
43.5751,5.8611,2023-03-15,16.9,0.5508955,Scattered clouds,99
44.5119,3.91,2023-03-16,14.3,1.823034,Overcast clouds,80
42.9978,-0.5433,2023-03-16,11.7,0.41636914,Clear sky,99
43.0599,-0.5772,2023-03-16,12.8,0.5869127,Clear sky,96
43.8025,6.7855,2023-03-16,12,1.832353,Clear sky,86
43.5432,5.1532,2023-03-16,21,1,Broken clouds,94
43.3135,3.0744,2023-03-16,18.3,4.11823,Scattered clouds,73
43.0887,-0.2692,2023-03-16,12.3,0.21130605,Overcast clouds,99
43.0726,-0.5964,2023-03-16,13.4,0.41810435,Clear sky,96
43.0131,-0.4279,2023-03-16,12,0.82967836,Clear sky,95
42.9914,-0.5362,2023-03-16,11.7,0.41636914,Clear sky,99
42.9911,-0.6293,2023-03-16,12.1,0.28567058,Drizzle,99
42.9892,-0.784,2023-03-16,11.6,0.32174447,Drizzle,97
42.9876,-0.7961,2023-03-16,11.6,0.32174447,Drizzle,97
42.9982,-0.786,2023-03-16,11.6,0.32174447,Drizzle,97
42.9966,-0.7981,2023-03-16,11.6,0.32174447,Drizzle,97
43.0121,-0.7511,2023-03-16,11.5,0.1778595,Drizzle,98
42.9938,-0.8878,2023-03-16,11.7,0.50831753,Drizzle,98
45.2838,5.1475,2023-03-16,18.7,6.65372,Clear sky,90
45.2861,5.1421,2023-03-16,18.7,6.65372,Clear sky,90
43.0168,-0.4478,2023-03-17,12,0.82967836,Clear sky,95
43.03,-0.4046,2023-03-17,11.4,0.8154211,Clear sky,98
43.1866,-1.4032,2023-03-17,14.9,2.57,Drizzle,87
43.1839,-1.3888,2023-03-17,14.9,2.57,Drizzle,87
43.1835,-1.3956,2023-03-17,14.9,2.57,Drizzle,87
43.1807,-1.3798,2023-03-17,14.9,2.57,Drizzle,87
43.0063,-0.8284,2023-03-17,11.6,0.32174447,Drizzle,97
44.114,4.338,2023-03-17,18.3,1.2435458,Clear sky,97
43.0447,-0.7391,2023-03-17,13.7,0.49281937,Drizzle,95
43.0373,-0.7435,2023-03-17,13.7,0.49281937,Drizzle,95
43.2684,-1.3145,2023-03-17,14.9,2.57,Drizzle,87
42.4396,9.4676,2023-03-18,23,4.1,Few clouds,73
43.3217,1.2076,2023-03-19,14.4,2.3041463,Broken clouds,70
43.3195,1.2206,2023-03-19,14.4,2.3975048,Broken clouds,70
42.5675,2.8547,2023-03-20,19.6,0.3159965,Scattered clouds,66
42.5654,2.8421,2023-03-20,19.1,0.56709474,Broken clouds,68
42.5714,2.8349,2023-03-20,19.1,0.56709474,Broken clouds,68
42.7695,2.5621,2023-03-20,16.9,3.9076736,Clear sky,69
42.7786,2.5594,2023-03-20,16.9,3.9076736,Clear sky,69
42.7765,2.5467,2023-03-20,16.9,3.9076736,Clear sky,69
43.4446,4.8939,2023-03-20,22,1.5,Clear sky,94
43.2168,2.3905,2023-03-20,17,3.6,Clear sky,82
43.24,2.0898,2023-03-20,16,2.835399,Clear sky,75
43.3212,2.0154,2023-03-20,15.9,2.6013196,Clear sky,76
43.7623,2.1946,2023-03-20,15.4,2.485393,Clear sky,81
43.9282,1.8043,2023-03-20,15.6,2.9966419,Clear sky,83
44.0443,2.1072,2023-03-20,15.3,3.4952345,Clear sky,86
43.8024,6.783,2023-03-21,12,1.832353,Clear sky,86
43.1143,-1.3477,2023-03-21,12.4,1.3197652,Light rain,84
43.0387,-0.9934,2023-03-21,12.6,0.5403414,Drizzle,91
43.0838,-1.2445,2023-03-21,11.9,0.7575219,Light rain,91
43.1042,-1.3459,2023-03-21,12.4,1.3197652,Light rain,84
43.1128,-1.362,2023-03-21,12.4,1.3197652,Light rain,84
44.1702,3.6057,2023-03-22,13.4,3.1540158,Overcast clouds,89
44.1729,3.6127,2023-03-22,13.4,3.1540158,Overcast clouds,89
43.0274,-1.0109,2023-03-22,11.2,0.42369604,Clear sky,94
43.0257,-1.0047,2023-03-22,11.2,0.42369604,Clear sky,94
43.5561,6.1686,2023-03-22,18,1.0875179,Few clouds,95
43.554,6.1559,2023-03-22,17.7,0.97066987,Few clouds,97
43.6028,6.0542,2023-03-22,17.2,0.4674253,Scattered clouds,97
43.5713,5.8622,2023-03-22,16.9,0.5508955,Scattered clouds,99
43.6544,6.1984,2023-03-22,16.7,1.0225772,Scattered clouds,96
43.6524,6.1856,2023-03-22,16.7,1.0225772,Scattered clouds,96
43.6634,6.1958,2023-03-22,15.8,0.9045441,Scattered clouds,95
43.6593,6.1703,2023-03-22,15.8,0.9045441,Scattered clouds,95
43.8014,6.7779,2023-03-22,12.2,1.3713528,Clear sky,85
43.6542,5.803,2023-03-22,17.3,0.41812187,Few clouds,96
43.652,5.79,2023-03-22,17.3,0.41812187,Few clouds,96
43.8017,6.6608,2023-03-22,12.8,1.3508818,Clear sky,78
43.7997,6.6484,2023-03-22,13.3,0.702537,Clear sky,78
43.7708,5.8267,2023-03-22,18.4,0.4029053,Clear sky,93
43.7904,5.8886,2023-03-22,18.3,0.35100818,Clear sky,93
44.0038,5.9981,2023-03-22,17.6,1.54,Clear sky,91
44.0459,5.9784,2023-03-22,17.6,1.54,Clear sky,91
44.0438,5.9656,2023-03-22,17.6,1.54,Clear sky,91
43.7092,3.0762,2023-03-22,15.1,3.445581,Scattered clouds,79
44.2592,5.9122,2023-03-22,16.8,1.3436329,Clear sky,90
44.5614,5.8865,2023-03-22,14.1,1.0014935,Drizzle,84
44.386,3.737,2023-03-22,10.7,3.5471454,Overcast clouds,96
44.5395,4.3686,2023-03-22,18.9,0.8674322,Clear sky,96
44.5489,4.3654,2023-03-22,18.6,0.8674322,Clear sky,96
44.7731,4.4343,2023-03-22,15.7,1.7857311,Clear sky,97
44.7825,4.4318,2023-03-22,15.1,1.6923423,Clear sky,94
44.8357,4.3985,2023-03-22,14.2,2.4155838,Clear sky,91
44.8372,3.6373,2023-03-22,11.3,4.546087,Overcast clouds,89
43.6614,6.183,2023-03-22,15.8,0.9045441,Scattered clouds,95
43.3557,5.915,2023-03-22,16,1.3043395,Scattered clouds,97
43.525,6.5525,2023-03-22,17.9,1.3612883,Scattered clouds,97
43.5471,6.1713,2023-03-22,18,1.0875179,Few clouds,95
43.7985,6.7809,2023-03-23,12.2,1.3713528,Clear sky,85
42.7248,2.2854,2023-03-23,11.7,2.3213093,Clear sky,94
42.7229,2.2679,2023-03-23,11.4,1.5083544,Clear sky,98
42.9678,-0.8888,2023-03-23,11.3,0.5787456,Drizzle,97
43.0481,-1.0425,2023-03-23,11.6,0.727602,Drizzle,95
43.0698,-0.9502,2023-03-23,13.4,0.23285264,Drizzle,91
43.0681,-0.9628,2023-03-23,13.4,0.23285264,Drizzle,91
51.0432,2.2905,2023-03-25,16.8,3.6651642,Broken clouds,83
43.4501,4.8896,2023-03-26,22,1.5,Clear sky,94
43.4466,4.892,2023-03-27,22,1.5,Clear sky,94
46.0378,1.0342,2023-03-27,16.8,2.8584645,Drizzle,93
51.0403,2.2928,2023-03-27,16.8,3.6651642,Broken clouds,83
43.45,4.8961,2023-03-28,22,1.5,Clear sky,94
43.1889,2.2786,2023-03-28,17,3.6,Clear sky,82
43.2587,-1.3085,2023-03-28,14.9,2.57,Drizzle,87
43.0395,0.0535,2023-03-28,13,0.84311527,Overcast clouds,94
43.3059,-1.3221,2023-03-28,14.9,2.57,Drizzle,87
43.3043,-1.3381,2023-03-28,14.9,2.57,Drizzle,87
44.0598,3.4831,2023-03-29,11.7,3.8529272,Overcast clouds,97
44.0038,3.4334,2023-03-29,13.4,3.4330692,Overcast clouds,91
43.9927,5.5347,2023-03-29,16.3,1.1060836,Clear sky,96
43.3594,5.9387,2023-03-29,16,1.3043395,Scattered clouds,97
43.3573,5.926,2023-03-29,16,1.3043395,Scattered clouds,97
43.3552,5.9133,2023-03-29,16,1.3043395,Scattered clouds,97
43.0704,-0.6818,2023-03-29,13.5,0.13054729,Overcast clouds,96
44.0701,3.4812,2023-03-29,11.7,3.8529272,Overcast clouds,97
45.3719,5.4846,2023-03-29,21.1,2.4130037,Clear sky,85
44.3115,5.013,2023-03-30,19.3,1.3597491,Clear sky,91
43.0896,-0.7639,2023-03-30,13.7,0.49281937,Drizzle,95
43.2611,-1.2901,2023-03-30,14.9,2.57,Drizzle,87
43.1393,-0.9867,2023-03-30,13.1,1.1917472,Light rain,84
43.1544,-0.8444,2023-03-30,14.8,0.64120203,Overcast clouds,93
43.1594,-0.9492,2023-03-30,15.3,0.1715064,Drizzle,86
43.1601,-1.0146,2023-03-30,14.2,0.86127067,Light rain,79
43.1584,-1.0271,2023-03-30,14.2,0.86127067,Light rain,79
43.2258,-1.1397,2023-03-30,15.2,1.3411564,Light rain,75
43.2947,-1.3186,2023-03-30,14.9,2.57,Drizzle,87
43.3394,-1.3226,2023-03-30,14.9,2.57,Drizzle,87
43.3378,-1.335,2023-03-30,14.9,2.57,Drizzle,87
42.8368,-0.5238,2023-03-30,10.1,0.6062843,Drizzle,96
42.9933,-0.519,2023-03-30,11.3,0.95815474,Clear sky,98
42.9918,-0.5312,2023-03-30,11.3,0.95815474,Clear sky,98
42.3625,9.4666,2023-04-01,18.5,1.6222229,Few clouds,84
42.3609,9.4801,2023-04-01,20.5,2.548284,Few clouds,85
42.3594,9.4927,2023-04-01,20.5,2.548284,Few clouds,85
42.3581,9.4599,2023-04-01,18.5,1.6222229,Few clouds,84
42.3564,9.4738,2023-04-01,20.5,2.548284,Few clouds,85
42.3634,9.4573,2023-04-01,18.5,1.6222229,Few clouds,84
44.0409,5.5478,2023-04-02,15.4,0.89806086,Clear sky,98
43.4468,4.8773,2023-04-02,22,1.5,Clear sky,94
43.4446,4.8904,2023-04-02,22,1.5,Clear sky,94
43.4452,4.885,2023-04-02,22,1.5,Clear sky,94
47.6775,0.3119,2023-04-03,15.7,3.1429417,Broken clouds,89
43.4458,4.8844,2023-04-04,22,1.5,Clear sky,94
43.9843,3.4568,2023-04-04,13.4,3.4330692,Overcast clouds,91
48.3158,4.0405,2023-04-05,17,5.1,Overcast clouds,100
46.9718,0.8452,2023-04-05,16.6,3.1129222,Scattered clouds,79
45.7936,3.1216,2023-04-05,18,3.1,Clear sky,82
45.3603,1.0952,2023-04-05,15.3,4.073008,Overcast clouds,95
44.6754,-0.7428,2023-04-05,15.6,1.8654642,Clear sky,91
43.6413,4.3832,2023-04-05,19,2.1,Drizzle,88
44.5211,-0.7067,2023-04-05,14.6,1.2947919,Overcast clouds,88
43.9077,-1.2286,2023-04-05,17.1,0.42298245,Broken clouds,89
43.1281,0.9774,2023-04-05,15.2,0.99436885,Overcast clouds,79
43.6474,4.3803,2023-04-05,19,2.1,Drizzle,88
44.0422,5.5525,2023-04-05,15.4,0.89806086,Clear sky,98
45.1424,3.1475,2023-04-05,12,5.8148437,Overcast clouds,88
46.502,3.7007,2023-04-05,18.9,5.433751,Drizzle,77
48.9454,2.9165,2023-04-05,16.7,3.755989,Broken clouds,86
48.9836,1.76,2023-04-05,15.4,4.000169,Light rain,82
43.4438,4.8888,2023-04-06,22,1.5,Clear sky,94
42.956,-0.6409,2023-04-06,11.5,0.7309868,Drizzle,99
43.1244,-1.3996,2023-04-06,12.4,1.3197652,Light rain,84
43.2631,-1.3238,2023-04-06,14.9,2.57,Drizzle,87
45.1534,3.1338,2023-04-07,12,5.8148437,Overcast clouds,88
44.3659,3.8213,2023-04-07,11.1,3.9756286,Overcast clouds,93
44.306,3.714,2023-04-07,12.5,2.8090923,Overcast clouds,91
44.0194,3.1171,2023-04-07,13,5.550799,Overcast clouds,95
44.0172,3.1304,2023-04-07,13,5.550799,Overcast clouds,95
43.3806,5.0149,2023-04-07,21.3,1.390347,Scattered clouds,92
43.7255,3.5474,2023-04-07,16.8,3.7620134,Clear sky,79
43.721,3.527,2023-04-07,15.8,5.7977767,Clear sky,82
43.2686,-1.3291,2023-04-07,14.9,2.57,Light rain,87
43.4454,4.9021,2023-04-08,22,1.5,Clear sky,94
44.1172,3.5159,2023-04-08,11.8,2.9360344,Overcast clouds,96
44.1165,3.5223,2023-04-08,11.8,2.9360344,Overcast clouds,96
44.1153,3.5557,2023-04-08,11.9,3.761548,Overcast clouds,94
43.4479,4.8899,2023-04-08,22,1.5,Clear sky,94
42.8368,1.2196,2023-04-08,11,1.1724277,Overcast clouds,99
43.2518,2.5784,2023-04-08,17.1,6.33111,Clear sky,69
43.7579,5.0479,2023-04-08,19.9,1.1525499,Clear sky,94
43.7585,5.0574,2023-04-08,19.9,1.1525499,Clear sky,94
43.1336,-1.091,2023-04-08,12.6,1.290944,Drizzle,86
43.4513,4.891,2023-04-08,22,1.5,Clear sky,94
43.447,4.8987,2023-04-09,22,1.5,Clear sky,94
42.8391,1.2135,2023-04-09,10.4,0.48697135,Overcast clouds,98
48.2087,6.4289,2023-04-09,19.1,3.09,Clear sky,92
43.4453,4.9001,2023-04-09,22,1.5,Clear sky,94
43.447,4.8953,2023-04-11,22,1.5,Clear sky,94
44.3974,3.7893,2023-04-11,11.1,3.9756286,Overcast clouds,93
44.3958,3.806,2023-04-11,11.1,3.9756286,Overcast clouds,93
43.4486,4.8809,2023-04-11,22,1.5,Clear sky,94
42.8579,-0.5471,2023-04-11,11,0.41796425,Drizzle,98
43.0887,-1.398,2023-04-11,11.5,0.29195446,Light rain,90
47.2783,1.6914,2023-04-12,17,2.1,Drizzle,93
42.2583,8.8726,2023-04-12,16.2,0.92196596,Clear sky,77
42.2566,8.8605,2023-04-12,16.2,0.92196596,Clear sky,77
48.1499,3.2756,2023-04-12,15.8,4.1178694,Overcast clouds,89
43.4445,4.9045,2023-04-13,22,1.5,Clear sky,94
43.583,4.9744,2023-04-14,22,1.5,Clear sky,94
43.5808,4.9878,2023-04-14,22,1.5,Clear sky,94
43.4613,5.5084,2023-04-14,20,0.7786255,Scattered clouds,93
43.4633,4.9024,2023-04-14,22,1.5,Clear sky,94
42.6463,2.7875,2023-04-15,20,4.1,Broken clouds,68
51.0404,2.2951,2023-04-15,16.8,3.6651642,Broken clouds,83
43.4495,4.8981,2023-04-16,22,1.5,Clear sky,94
42.4576,3.1365,2023-04-16,20,2.0896904,Broken clouds,64
42.4483,3.1347,2023-04-16,20,2.0896904,Broken clouds,64
42.4467,3.1475,2023-04-16,20,2.0896904,Broken clouds,64
42.4654,3.1513,2023-04-16,20,2.0896904,Broken clouds,64
42.4639,3.1643,2023-04-16,21.1,3.9809866,Scattered clouds,62
42.4561,3.1495,2023-04-16,20,2.0896904,Broken clouds,64
43.4426,4.898,2023-04-16,22,1.5,Clear sky,94
43.4453,4.8769,2023-04-17,22,1.5,Clear sky,94
43.4436,4.8895,2023-04-17,22,1.5,Clear sky,94
44.1282,0.1552,2023-04-17,15.9,2.0809078,Overcast clouds,89
45.951,-0.5126,2023-04-17,14.7,3.6265862,Drizzle,80
45.3816,0.8183,2023-04-17,15.9,3.527747,Scattered clouds,92
44.9412,-0.6216,2023-04-17,16.6,3.09,Clear sky,89
44.8582,-1.0055,2023-04-17,14.9,1.2086196,Clear sky,80
44.7049,-0.9917,2023-04-17,16,1.2718942,Clear sky,84
44.7026,-0.9783,2023-04-17,16,1.2718942,Clear sky,84
44.1255,0.1699,2023-04-17,16.1,2.1222627,Overcast clouds,88
43.2805,1.1647,2023-04-17,14.4,2.2076175,Broken clouds,69
43.2568,0.6676,2023-04-17,14.8,1.7988406,Overcast clouds,77
43.2688,0.6786,2023-04-17,14.8,1.7988406,Overcast clouds,77
45.1495,1.0585,2023-04-17,15.4,3.0559099,Clear sky,93
44.8952,-0.5589,2023-04-17,16.9,1.955838,Overcast clouds,85
45.2091,0.6281,2023-04-17,16.3,3.6677105,Drizzle,91
45.2068,0.6143,2023-04-17,16.3,3.6677105,Drizzle,91
45.2132,0.6214,2023-04-17,16.3,3.6677105,Drizzle,91
45.0447,-1.0492,2023-04-17,16.7,1.2121124,Broken clouds,77
46.7403,5.7481,2023-04-19,18.3,6.374408,Broken clouds,78
47.1013,4.7435,2023-04-19,17.8,4.986204,Light rain,93
46.1453,2.8289,2023-04-19,15.3,6.1684747,Overcast clouds,85
45.5596,3.2605,2023-04-19,17.2,2.7300568,Overcast clouds,75
43.2069,2.664,2023-04-19,18.9,7.465544,Clear sky,67
43.4444,4.8886,2023-04-19,22,1.5,Clear sky,94
42.6982,2.7398,2023-04-19,20.4,3.6,Clear sky,67
43.4414,4.9047,2023-04-19,22,1.5,Clear sky,94
43.4571,5.5114,2023-04-19,20,0.7786255,Scattered clouds,93
43.455,5.4984,2023-04-19,20,0.7786255,Scattered clouds,93
44.8093,5.0178,2023-04-19,18.9,3.3052351,Light rain,91
44.8071,5.0045,2023-04-19,18.9,3.3052351,Light rain,91
47.6441,3.7573,2023-04-19,19.1,2.8820868,Drizzle,94
47.6521,3.7637,2023-04-19,19.1,2.8820868,Drizzle,94
48.9095,2.029,2023-04-19,16.7,3.2516017,Drizzle,86
51.0467,2.2995,2023-04-20,16.8,3.6651642,Broken clouds,83
43.4456,4.9045,2023-04-20,22,1.5,Clear sky,94
49.2336,6.2231,2023-04-21,19.1,1.4674563,Light rain,91
43.448,4.9045,2023-04-23,22,1.5,Clear sky,94
43.6266,4.776,2023-04-26,19.8,0.61608946,Clear sky,97
43.7605,7.2042,2023-04-26,18.9,2.57,Clear sky,86
43.4448,4.8954,2023-04-26,22,1.5,Clear sky,94
51.0376,2.2901,2023-04-26,16.8,3.6651642,Broken clouds,83
42.3028,9.3567,2023-04-27,19,0.7604346,Clear sky,71
42.2971,9.3435,2023-04-27,18.2,0.30434763,Clear sky,79
42.3057,9.3451,2023-04-27,19,0.7604346,Clear sky,71
43.6607,2.7263,2023-04-28,11.1,4.644872,Clear sky,92
48.0888,-4.3288,2023-04-29,13.1,1.169211,Clear sky,82
43.4436,4.899,2023-04-30,22,1.5,Clear sky,94
43.4487,4.9017,2023-05-01,22,1.5,Clear sky,94
43.4397,4.8994,2023-05-01,22,1.5,Clear sky,94
43.4436,4.8899,2023-05-01,22,1.5,Clear sky,94
43.4408,4.8975,2023-05-01,22,1.5,Clear sky,94
42.6133,2.833,2023-05-01,20.6,3.6,Broken clouds,67
51.0287,2.2449,2023-05-01,14.9,2.4281082,Broken clouds,90
43.8155,4.6005,2023-05-02,19.6,0.5807962,Clear sky,97
43.8155,4.5933,2023-05-02,19.4,0.4717874,Clear sky,98
43.3048,3.3237,2023-05-02,19,4.6,Clear sky,77
43.304,3.3209,2023-05-02,19,4.6,Clear sky,77
48.1013,7.3792,2023-05-03,20.6,2.2096004,Light rain,94
47.7752,7.4302,2023-05-03,18.9,4.12,Light rain,76
43.4452,4.8997,2023-05-03,22,1.5,Clear sky,94
43.4087,5.2838,2023-05-03,22,1.5,Broken clouds,88
47.5947,1.1707,2023-05-03,15.9,2.9968054,Scattered clouds,78
48.7333,2.7858,2023-05-03,16,3.8730474,Drizzle,87
49.854,2.8158,2023-05-03,16.2,2.9751866,Drizzle,87
50.7689,2.4602,2023-05-03,13.8,1.5592217,Broken clouds,93
44.2414,-0.4601,2023-05-04,16.4,1.3988886,Overcast clouds,94
51.0293,2.2659,2023-05-05,14.9,2.4281082,Broken clouds,90
51.0309,2.2593,2023-05-05,14.9,2.4281082,Broken clouds,90
43.241,2.7467,2023-05-05,18.9,6.2702947,Few clouds,69
43.4451,4.8944,2023-05-06,22,1.5,Clear sky,94
43.4481,4.8872,2023-05-06,22,1.5,Clear sky,94
43.4451,4.9005,2023-05-07,22,1.5,Clear sky,94
43.4481,4.9014,2023-05-08,22,1.5,Clear sky,94
43.6268,4.7791,2023-05-08,19.8,0.61608946,Clear sky,97
43.4475,4.8932,2023-05-08,22,1.5,Clear sky,94
44.1958,4.7459,2023-05-10,21,2.6,Clear sky,94
43.4451,4.9049,2023-05-10,22,1.5,Clear sky,94
43.6566,5.5678,2023-05-10,18.6,0.1245082,Scattered clouds,90
43.6012,4.2165,2023-05-10,19.8,2.816199,Clear sky,80
44.7243,-0.8113,2023-05-11,15.5,1.6557044,Clear sky,88
51.034,2.2798,2023-05-11,16.7,3.833234,Broken clouds,83
43.4469,4.9014,2023-05-12,22,1.5,Clear sky,94
43.45,4.8998,2023-05-13,22,1.5,Clear sky,94
44.1647,-0.9492,2023-05-13,16.1,0.88713,Overcast clouds,86
45.085,5.7377,2023-05-15,20.1,4.0908613,Clear sky,55
43.8044,4.3331,2023-05-15,19,2.1,Clear sky,88
43.4493,4.8978,2023-05-15,22,1.5,Clear sky,94
43.4468,4.8929,2023-05-15,22,1.5,Clear sky,94
43.6483,5.5714,2023-05-17,17.8,0.5954247,Broken clouds,92
47.8057,1.0689,2023-05-17,16,2.8527336,Broken clouds,82
47.8023,1.0516,2023-05-17,16,2.8527336,Broken clouds,82
43.4482,4.8926,2023-05-17,22,1.5,Clear sky,94
51.0381,2.2866,2023-05-18,16.8,3.6651642,Broken clouds,83
48.6113,2.6012,2023-05-18,16,4.1,Overcast clouds,93
51.0317,2.2832,2023-05-19,16.8,3.6651642,Broken clouds,83
51.0387,2.2852,2023-05-20,16.8,3.6651642,Broken clouds,83
47.7692,7.428,2023-05-22,18.9,1.7560055,Light rain,92
43.3785,5.0172,2023-05-22,21.3,1.390347,Scattered clouds,92
43.2946,3.246,2023-05-22,19,4.6,Clear sky,77
47.6199,6.1399,2023-05-22,20.1,6.0354753,Broken clouds,78
43.4496,4.906,2023-05-24,22,1.5,Clear sky,94
43.6572,5.5678,2023-05-24,18.6,0.1245082,Scattered clouds,90
44.1488,4.7339,2023-05-24,21,2.6,Clear sky,94
48.98,1.857,2023-05-24,15.6,3.7335908,Moderate rain,83
49.2381,3.0837,2023-05-24,16.1,3.6301532,Overcast clouds,89
49.2245,2.9102,2023-05-24,16.1,3.5321622,Broken clouds,90
47.6218,6.1345,2023-05-25,20.1,6.0354753,Broken clouds,78
44.7957,-0.9515,2023-05-25,15.2,1.3691344,Overcast clouds,82
51.0376,2.2975,2023-05-25,16.8,3.6651642,Broken clouds,83
43.4488,4.8897,2023-05-25,22,1.5,Clear sky,94
49.1903,-0.2818,2023-05-26,11.6,1.3875142,Clear sky,90
49.0507,7.0422,2023-05-26,19.1,3.09,Light rain,92
51.0357,2.2926,2023-05-26,16.8,3.6651642,Broken clouds,83
43.444,4.8917,2023-05-27,22,1.5,Clear sky,94
43.442,4.9041,2023-05-27,22,1.5,Clear sky,94
48.1024,7.3796,2023-05-27,20.6,2.2096004,Light rain,94
49.2346,6.2184,2023-05-27,19.4,1.4793891,Light rain,91
48.4047,6.833,2023-05-27,19.2,1.7362329,Broken clouds,90
43.43,5.2389,2023-05-27,22,1.5,Scattered clouds,88
45.0385,-1.0235,2023-05-27,16.1,1.0514399,Overcast clouds,81
45.644,5.115,2023-05-27,19.4,5.14,Clear sky,78
45.7966,3.1145,2023-05-27,18,3.1,Clear sky,82
43.4468,4.8973,2023-05-27,22,1.5,Clear sky,94
51.0426,2.2888,2023-05-27,16.8,3.6651642,Broken clouds,83
43.4489,4.8977,2023-05-27,22,1.5,Clear sky,94
43.4468,4.8978,2023-05-29,22,1.5,Clear sky,94
51.0344,2.2866,2023-05-29,16.8,3.6651642,Broken clouds,83
45.0445,-1.0369,2023-05-29,16.7,1.2121124,Broken clouds,77
43.2963,3.2465,2023-05-29,19,4.6,Clear sky,77
45.0925,1.9285,2023-05-29,15,2.7388582,Scattered clouds,91
51.0386,2.289,2023-05-29,16.8,3.6651642,Broken clouds,83
43.4483,4.8901,2023-05-29,22,1.5,Clear sky,94
43.4493,4.903,2023-05-30,22,1.5,Clear sky,94
48.9118,2.385,2023-05-30,17,3.6,Broken clouds,88
48.9028,2.3815,2023-05-30,17,3.6,Broken clouds,88
49.3464,2.7573,2023-05-30,16.4,2.548679,Broken clouds,89
49.2391,3.092,2023-05-30,16.1,3.6301532,Overcast clouds,89
48.7379,2.7897,2023-05-30,16,3.8730474,Drizzle,87
48.6145,2.5883,2023-05-30,16,4.1,Drizzle,93
48.6119,2.6028,2023-05-30,16,4.1,Overcast clouds,93
44.7273,-0.8162,2023-05-30,15.5,1.6557044,Clear sky,88
44.773,-0.8089,2023-05-30,16.6,3.09,Clear sky,89
44.7088,-0.7565,2023-05-30,15.6,3.09,Clear sky,89
42.5868,2.9646,2023-05-30,20.6,0.8382117,Broken clouds,65
47.7142,1.5028,2023-05-31,16.1,2.9340677,Broken clouds,82
48.7357,2.7823,2023-05-31,16,3.8730474,Drizzle,87
51.0345,2.2896,2023-05-31,16.8,3.6651642,Broken clouds,83
51.0318,2.2745,2023-05-31,16.7,3.833234,Broken clouds,83
43.4452,4.8973,2023-06-01,22,1.5,Clear sky,94
49.2215,6.1619,2023-06-01,19.4,1.4793891,Light rain,91
48.101,7.3769,2023-06-01,20.6,2.2096004,Light rain,94
47.6243,6.1262,2023-06-01,20.1,6.0354753,Broken clouds,78
47.6219,6.1404,2023-06-01,20.1,6.0354753,Broken clouds,78
43.6244,4.7797,2023-06-01,19.8,0.61608946,Clear sky,97
46.1475,5.2825,2023-06-01,20,5.14044,Overcast clouds,87
45.6435,5.1149,2023-06-01,19.4,5.14,Clear sky,78
43.8848,4.7834,2023-06-01,21,1.5,Clear sky,94
47.2262,-1.4672,2023-06-01,13.9,2.06,Overcast clouds,90
43.4491,4.8981,2023-06-01,22,1.5,Clear sky,94
45.0429,-1.0399,2023-06-02,16.7,1.2121124,Broken clouds,77
48.0987,7.3752,2023-06-02,20.6,2.2096004,Light rain,94
48.078,6.8852,2023-06-02,16.7,5.1025753,Light rain,85
49.0534,7.0389,2023-06-02,19.1,3.09,Light rain,92
47.5074,6.8455,2023-06-02,17.6,3.6,Drizzle,88
47.5047,6.8306,2023-06-02,17.6,3.6,Overcast clouds,88
43.4499,4.8844,2023-06-02,22,1.5,Clear sky,94
49.4824,0.2382,2023-06-03,13.7,1.6023543,Broken clouds,86
43.445,4.8938,2023-06-03,22,1.5,Clear sky,94
51.0325,2.2842,2023-06-03,16.8,3.6651642,Broken clouds,83
47.7786,7.4338,2023-06-03,18.9,4.12,Light rain,76
47.7699,7.4311,2023-06-03,18.9,1.7560055,Light rain,92
48.6092,6.1175,2023-06-03,18.6,2.06,Light rain,96
43.442,4.8956,2023-06-03,22,1.5,Clear sky,94
43.5116,3.3739,2023-06-03,18.5,1.1350148,Clear sky,79
43.5132,3.3869,2023-06-03,18.5,1.1350148,Clear sky,79
51.0373,2.2833,2023-06-03,16.8,3.6651642,Broken clouds,83
51.0344,2.279,2023-06-04,16.7,3.833234,Broken clouds,83
46.8985,0.5816,2023-06-04,16.8,3.5915265,Light rain,82
44.6829,-0.5172,2023-06-05,16.1,2.0147808,Clear sky,88
44.7172,-0.8214,2023-06-05,15.1,1.569528,Clear sky,91
46.3618,2.5942,2023-06-05,17.2,5.3788953,Clear sky,81
48.3172,4.0294,2023-06-05,17,5.1,Overcast clouds,100
43.4486,4.8969,2023-06-05,22,1.5,Clear sky,94
47.7744,7.4323,2023-06-06,18.9,4.12,Light rain,76
49.2355,6.2327,2023-06-06,19.1,1.4674563,Light rain,91
48.7339,2.7911,2023-06-06,16,3.8730474,Drizzle,87
47.8212,3.5816,2023-06-06,18.6,3.6,Drizzle,96
47.7185,1.5118,2023-06-06,16.1,2.9340677,Broken clouds,82
44.7233,-0.814,2023-06-06,15.5,1.6557044,Clear sky,88
45.6781,4.9262,2023-06-06,20,6.2,Scattered clouds,82
